<?xml version="1.0" encoding="UTF-8"?>
<project-private xmlns="http://www.netbeans.org/ns/project-private/1">
    <editor-bookmarks xmlns="http://www.netbeans.org/ns/editor-bookmarks/2" lastBookmarkId="0"/>
    <open-files xmlns="http://www.netbeans.org/ns/projectui-open-files/2">
        <group>
            <file>file:/C:/Users/Dell/OneDrive/Documents/NetBeansProjects/JavaApplication2/src/instructordashboard/InstructorDashboard.java</file>
            <file>file:/C:/Users/Dell/OneDrive/Documents/NetBeansProjects/JavaApplication2/src/studentdashboard/StudentDashboard.java</file>
            <file>file:/C:/Users/Dell/OneDrive/Documents/NetBeansProjects/JavaApplication2/src/studentdashboard/EnrollInModuleForm.java</file>
            <file>file:/C:/Users/Dell/OneDrive/Documents/NetBeansProjects/JavaApplication2/src/instructordashboard/StudentInModuleListForm.java</file>
        </group>
    </open-files>
</project-private>
